position,driverNumber,driverId,constructorId,engineManufacturerId,tyreManufacturerId,laps,time,timePenalty,gap,interval,reasonRetired,points,gridPosition,year,race,grandSlam
DNF,19,ayrton-senna,toleman,hart,michelin,19.0,,,,,Engine,,13.0,1984,netherlands,
DNF,19,ayrton-senna,toleman,hart,michelin,35.0,,,,,Oil pressure,,10.0,1984,austria,
7,19,ayrton-senna,toleman,hart,michelin,68.0,,,+2 laps,,,,9.0,1984,canada,
DNF,19,ayrton-senna,toleman,hart,michelin,4.0,,,,,Rear wing,,9.0,1984,germany,
DNF,19,ayrton-senna,toleman,hart,pirelli,8.0,,,,,Turbo,,16.0,1984,brazil,
DNF,19,ayrton-senna,toleman,hart,michelin,0.0,,,,,Collision,,12.0,1984,europe,
2,19,ayrton-senna,toleman,hart,michelin,31.0,1:01:15.186,,+7.446,+7.446,,3.0,13.0,1984,monaco,
6,19,ayrton-senna,toleman,hart,pirelli,72.0,,,+3 laps,,,1.0,13.0,1984,south-africa,
6,19,ayrton-senna,toleman,hart,pirelli,68.0,,,+2 laps,,,1.0,19.0,1984,belgium,
3,19,ayrton-senna,toleman,hart,michelin,71.0,1:30:31.860,,+1:03.328,+21.205,,4.0,7.0,1984,great-britain,
3,19,ayrton-senna,toleman,hart,michelin,70.0,1:41:31.795,,+20.042,+6.617,,4.0,3.0,1984,portugal,
DNQ,19,ayrton-senna,toleman,hart,pirelli,,,,,,,,,1984,san-marino,
DNF,19,ayrton-senna,toleman,hart,michelin,21.0,,,,,Accident,,7.0,1984,detroit,
DNF,19,ayrton-senna,toleman,hart,michelin,35.0,,,,,Turbo,,13.0,1984,france,
DNF,19,ayrton-senna,toleman,hart,michelin,47.0,,,,,Driveshaft,,6.0,1984,dallas,
DNF,12,ayrton-senna,lotus,renault,goodyear,13.0,,,,,Engine,,1.0,1985,monaco,
10,12,ayrton-senna,lotus,renault,goodyear,60.0,,,,,Fuel injection,,4.0,1985,great-britain,
DNF,12,ayrton-senna,lotus,renault,goodyear,48.0,,,,,Electrical,,4.0,1985,brazil,
3,12,ayrton-senna,lotus,renault,goodyear,70.0,1:33:17.754,,+48.491,+48.259,,4.0,4.0,1985,netherlands,
1,12,ayrton-senna,lotus,renault,goodyear,67.0,2:00:28.006,,,,,9.0,1.0,1985,portugal,True
1,12,ayrton-senna,lotus,renault,goodyear,43.0,1:34:19.893,,,,,9.0,2.0,1985,belgium,
DNF,12,ayrton-senna,lotus,renault,goodyear,8.0,,,,,Engine,,4.0,1985,south-africa,
DNF,12,ayrton-senna,lotus,renault,goodyear,51.0,,,,,Accident,,1.0,1985,detroit,
DNF,12,ayrton-senna,lotus,renault,goodyear,27.0,,,,,Driveshaft,,5.0,1985,germany,
7,12,ayrton-senna,lotus,renault,goodyear,57.0,,,,,Out of fuel,,1.0,1985,san-marino,
2,12,ayrton-senna,lotus,renault,goodyear,52.0,1:20:42.585,,+30.002,+30.002,,6.0,14.0,1985,austria,
16,12,ayrton-senna,lotus,renault,goodyear,65.0,,,+5 laps,,,,2.0,1985,canada,
2,12,ayrton-senna,lotus,renault,goodyear,75.0,1:33:19.505,,+21.396,+21.396,,6.0,1.0,1985,europe,
DNF,12,ayrton-senna,lotus,renault,goodyear,62.0,,,,,Engine,,1.0,1985,australia,
DNF,12,ayrton-senna,lotus,renault,goodyear,26.0,,,,,Engine,,2.0,1985,france,
3,12,ayrton-senna,lotus,renault,goodyear,51.0,1:18:59.841,,+1:00.390,+8.755,,4.0,1.0,1985,italy,
2,12,ayrton-senna,lotus,renault,goodyear,43.0,1:28:17.752,,+19.827,+19.827,,6.0,4.0,1986,belgium,
3,12,ayrton-senna,lotus,renault,goodyear,78.0,1:56:34.706,,+53.646,+28.624,,4.0,3.0,1986,monaco,
2,12,ayrton-senna,lotus,renault,goodyear,44.0,1:22:23.700,,+15.437,+15.437,,6.0,3.0,1986,germany,
DNF,12,ayrton-senna,lotus,renault,goodyear,13.0,,,,,Engine,,8.0,1986,austria,
DNF,12,ayrton-senna,lotus,renault,goodyear,3.0,,,,,Accident,,1.0,1986,france,
2,12,ayrton-senna,lotus,renault,goodyear,61.0,1:40:07.410,,+34.827,+34.827,,6.0,1.0,1986,brazil,
5,12,ayrton-senna,lotus,renault,goodyear,68.0,,,+1 lap,,,2.0,2.0,1986,canada,
1,12,ayrton-senna,lotus,renault,goodyear,72.0,1:48:47.735,,,,,9.0,1.0,1986,spain,
DNF,12,ayrton-senna,lotus,renault,goodyear,27.0,,,,,Gearbox,,3.0,1986,great-britain,
2,12,ayrton-senna,lotus,renault,goodyear,76.0,2:00:52.181,,+17.673,+17.673,,6.0,1.0,1986,hungary,
4,12,ayrton-senna,lotus,renault,goodyear,69.0,,,,,Out of fuel,3.0,1.0,1986,portugal,
DNF,12,ayrton-senna,lotus,renault,goodyear,11.0,,,,,Wheel bearing,,1.0,1986,san-marino,
3,12,ayrton-senna,lotus,renault,goodyear,68.0,1:34:11.213,,+52.513,+27.075,,4.0,1.0,1986,mexico,
1,12,ayrton-senna,lotus,renault,goodyear,63.0,1:51:12.847,,,,,9.0,1.0,1986,detroit,
DNF,12,ayrton-senna,lotus,renault,goodyear,0.0,,,,,Transmission,,5.0,1986,italy,
DNF,12,ayrton-senna,lotus,renault,goodyear,43.0,,,,,Engine,,3.0,1986,australia,
1,12,ayrton-senna,lotus,honda,goodyear,63.0,1:50:16.358,,,,,9.0,2.0,1987,detroit,
4,12,ayrton-senna,lotus,honda,goodyear,79.0,,,+1 lap,,,3.0,3.0,1987,france,
1,12,ayrton-senna,lotus,honda,goodyear,78.0,1:57:54.085,,,,,9.0,2.0,1987,monaco,
DNF,12,ayrton-senna,lotus,honda,goodyear,54.0,,,,,Clutch,,7.0,1987,mexico,
DNF,12,ayrton-senna,lotus,honda,goodyear,50.0,,,,,Engine,,3.0,1987,brazil,
2,12,ayrton-senna,lotus,honda,goodyear,51.0,1:33:15.456,,+17.384,+17.384,,6.0,7.0,1987,japan,
2,12,ayrton-senna,lotus,honda,goodyear,50.0,1:14:49.513,,+1.806,+1.806,,6.0,4.0,1987,italy,
3,12,ayrton-senna,lotus,honda,goodyear,64.0,,,+1 lap,,,4.0,3.0,1987,great-britain,
2,12,ayrton-senna,lotus,honda,goodyear,76.0,2:00:4.520,,+37.727,+37.727,,6.0,6.0,1987,hungary,
DNF,12,ayrton-senna,lotus,honda,goodyear,0.0,,,,,Collision,,3.0,1987,belgium,
5,12,ayrton-senna,lotus,honda,goodyear,72.0,1:50:26.199,,+1:13.507,+42.057,,2.0,5.0,1987,spain,
2,12,ayrton-senna,lotus,honda,goodyear,59.0,1:31:51.621,,+27.545,+27.545,,6.0,1.0,1987,san-marino,
7,12,ayrton-senna,lotus,honda,goodyear,68.0,,,+2 laps,,,,5.0,1987,portugal,
3,12,ayrton-senna,lotus,honda,goodyear,43.0,,,+1 lap,,,4.0,2.0,1987,germany,
5,12,ayrton-senna,lotus,honda,goodyear,50.0,,,+2 laps,,,2.0,7.0,1987,austria,
DSQ,12,ayrton-senna,lotus,honda,goodyear,82.0,,,,,Illegal brake ducts,,4.0,1987,australia,
4,12,ayrton-senna,mclaren,honda,goodyear,72.0,1:49:30.561,,+46.710,+11.264,,3.0,1.0,1988,spain,
1,12,ayrton-senna,mclaren,honda,goodyear,76.0,1:57:47.081,,,,,9.0,1.0,1988,hungary,
1,12,ayrton-senna,mclaren,honda,goodyear,65.0,1:33:16.367,,,,,9.0,3.0,1988,great-britain,
DSQ,12,ayrton-senna,mclaren,honda,goodyear,31.0,,,,,Illegal car change,,1.0,1988,brazil,
1,12,ayrton-senna,mclaren,honda,goodyear,51.0,1:33:26.173,,,,,9.0,1.0,1988,japan,
DNF,12,ayrton-senna,mclaren,honda,goodyear,66.0,,,,,Accident,,1.0,1988,monaco,
6,12,ayrton-senna,mclaren,honda,goodyear,70.0,1:38:59.227,,+1:18.269,+6.385,,1.0,2.0,1988,portugal,
1,12,ayrton-senna,mclaren,honda,goodyear,63.0,1:54:56.035,,,,,9.0,1.0,1988,detroit,
1,12,ayrton-senna,mclaren,honda,goodyear,60.0,1:32:41.264,,,,,9.0,1.0,1988,san-marino,
1,12,ayrton-senna,mclaren,honda,goodyear,44.0,1:32:54.188,,,,,9.0,1.0,1988,germany,
1,12,ayrton-senna,mclaren,honda,goodyear,69.0,1:39:46.618,,,,,9.0,1.0,1988,canada,
2,12,ayrton-senna,mclaren,honda,goodyear,67.0,1:30:22.841,,+7.104,+7.104,,6.0,1.0,1988,mexico,
2,12,ayrton-senna,mclaren,honda,goodyear,82.0,1:53:51.463,,+36.787,+36.787,,6.0,1.0,1988,australia,
2,12,ayrton-senna,mclaren,honda,goodyear,80.0,1:38:09.080,,+31.752,+31.752,,6.0,2.0,1988,france,
1,12,ayrton-senna,mclaren,honda,goodyear,43.0,1:28:00.549,,,,,9.0,1.0,1988,belgium,
10,12,ayrton-senna,mclaren,honda,goodyear,49.0,,,,,Collision,,1.0,1988,italy,
1,1,ayrton-senna,mclaren,honda,goodyear,73.0,1:47:48.264,,,,,9.0,1.0,1989,spain,True
2,1,ayrton-senna,mclaren,honda,goodyear,77.0,1:50:04.617,,+25.967,+25.967,,6.0,2.0,1989,hungary,
DNF,1,ayrton-senna,mclaren,honda,goodyear,11.0,,,,,Spun off,,1.0,1989,great-britain,
11,1,ayrton-senna,mclaren,honda,goodyear,59.0,,,+2 laps,,,,1.0,1989,brazil,
DSQ,1,ayrton-senna,mclaren,honda,goodyear,53.0,,,,,Rejoined track illegally,,1.0,1989,japan,
1,1,ayrton-senna,mclaren,honda,goodyear,77.0,1:53:33.251,,,,,9.0,1.0,1989,monaco,
DNF,1,ayrton-senna,mclaren,honda,goodyear,44.0,,,,,Electrical,,1.0,1989,united-states,
7,1,ayrton-senna,mclaren,honda,goodyear,66.0,,,,,Engine,,2.0,1989,canada,
DNF,1,ayrton-senna,mclaren,honda,goodyear,48.0,,,,,Collision,,1.0,1989,portugal,
1,1,ayrton-senna,mclaren,honda,goodyear,58.0,1:26:51.245,,,,,9.0,1.0,1989,san-marino,
1,1,ayrton-senna,mclaren,honda,goodyear,45.0,1:21:43.302,,,,,9.0,1.0,1989,germany,
1,1,ayrton-senna,mclaren,honda,goodyear,69.0,1:35:21.431,,,,,9.0,1.0,1989,mexico,
DNF,1,ayrton-senna,mclaren,honda,goodyear,13.0,,,,,Collision,,1.0,1989,australia,
DNF,1,ayrton-senna,mclaren,honda,goodyear,0.0,,,,,Differential,,2.0,1989,france,
1,1,ayrton-senna,mclaren,honda,goodyear,44.0,1:40:54.196,,,,,9.0,1.0,1989,belgium,
DNF,1,ayrton-senna,mclaren,honda,goodyear,44.0,,,,,Engine,,1.0,1989,italy,
1,27,ayrton-senna,mclaren,honda,goodyear,78.0,1:52:46.982,,,,,9.0,1.0,1990,monaco,True
DNF,27,ayrton-senna,mclaren,honda,goodyear,53.0,,,,,Radiator,,1.0,1990,spain,
2,27,ayrton-senna,mclaren,honda,goodyear,77.0,1:49:30.885,,+0.288,+0.288,,6.0,4.0,1990,hungary,
3,27,ayrton-senna,mclaren,honda,goodyear,64.0,1:19:14.087,,+43.088,+3.996,,4.0,2.0,1990,great-britain,
20,27,ayrton-senna,mclaren,honda,goodyear,63.0,,,,,Tyre,,3.0,1990,mexico,
DNF,27,ayrton-senna,mclaren,honda,goodyear,0.0,,,,,Collision,,1.0,1990,japan,
2,27,ayrton-senna,mclaren,honda,goodyear,61.0,1:22:13.822,,+2.808,+2.808,,6.0,3.0,1990,portugal,
1,27,ayrton-senna,mclaren,honda,goodyear,72.0,1:52:32.829,,,,,9.0,5.0,1990,united-states,
1,27,ayrton-senna,mclaren,honda,goodyear,45.0,1:20:47.164,,,,,9.0,1.0,1990,germany,
DNF,27,ayrton-senna,mclaren,honda,goodyear,3.0,,,,,Wheel,,1.0,1990,san-marino,
3,27,ayrton-senna,mclaren,honda,goodyear,71.0,1:37:58.980,,+37.722,+24.158,,4.0,1.0,1990,brazil,
1,27,ayrton-senna,mclaren,honda,goodyear,70.0,1:42:56.400,,,,,9.0,1.0,1990,canada,
DNF,27,ayrton-senna,mclaren,honda,goodyear,61.0,,,,,Gearbox,,1.0,1990,australia,
3,27,ayrton-senna,mclaren,honda,goodyear,80.0,1:33:41.212,,+11.606,+2.980,,4.0,3.0,1990,france,
1,27,ayrton-senna,mclaren,honda,goodyear,44.0,1:26:31.997,,,,,9.0,1.0,1990,belgium,
1,27,ayrton-senna,mclaren,honda,goodyear,53.0,1:17:57.878,,,,,9.0,1.0,1990,italy,True
1,1,ayrton-senna,mclaren,honda,goodyear,78.0,1:53:02.334,,,,,10.0,1.0,1991,monaco,
5,1,ayrton-senna,mclaren,honda,goodyear,65.0,1:39:43.943,,+1:02.402,+39.630,,2.0,3.0,1991,spain,
1,1,ayrton-senna,mclaren,honda,goodyear,77.0,1:49:12.796,,,,,10.0,1.0,1991,hungary,
4,1,ayrton-senna,mclaren,honda,goodyear,58.0,,,,,Out of fuel,3.0,2.0,1991,great-britain,
3,1,ayrton-senna,mclaren,honda,goodyear,67.0,1:30:49.561,,+57.356,+56.020,,4.0,3.0,1991,mexico,
2,1,ayrton-senna,mclaren,honda,goodyear,53.0,1:32:11.039,,+0.344,+0.344,,6.0,2.0,1991,japan,
2,1,ayrton-senna,mclaren,honda,goodyear,71.0,1:36:03.245,,+20.941,+20.941,,6.0,3.0,1991,portugal,
1,1,ayrton-senna,mclaren,honda,goodyear,81.0,2:00:47.828,,,,,10.0,1.0,1991,united-states,
7,1,ayrton-senna,mclaren,honda,goodyear,44.0,,,,,Out of fuel,,2.0,1991,germany,
1,1,ayrton-senna,mclaren,honda,goodyear,61.0,1:35:14.750,,,,,10.0,1.0,1991,san-marino,
1,1,ayrton-senna,mclaren,honda,goodyear,71.0,1:38:28.128,,,,,10.0,1.0,1991,brazil,
DNF,1,ayrton-senna,mclaren,honda,goodyear,25.0,,,,,Alternator,,3.0,1991,canada,
1,1,ayrton-senna,mclaren,honda,goodyear,14.0,24:34.899,,,,,5.0,1.0,1991,australia,
3,1,ayrton-senna,mclaren,honda,goodyear,72.0,1:38:34.990,,+34.934,+29.931,,4.0,3.0,1991,france,
1,1,ayrton-senna,mclaren,honda,goodyear,44.0,1:27:17.669,,,,,10.0,1.0,1991,belgium,
2,1,ayrton-senna,mclaren,honda,goodyear,53.0,1:18:10.581,,+16.262,+16.262,,6.0,1.0,1991,italy,
3,1,ayrton-senna,mclaren,honda,goodyear,60.0,1:29:29.911,,+48.984,+39.533,,4.0,3.0,1992,san-marino,
DNF,1,ayrton-senna,mclaren,honda,goodyear,17.0,,,,,Engine,,3.0,1992,brazil,
2,1,ayrton-senna,mclaren,honda,goodyear,45.0,1:18:26.532,,+4.500,+4.500,,6.0,3.0,1992,germany,
DNF,1,ayrton-senna,mclaren,honda,goodyear,0.0,,,,,Collision,,3.0,1992,france,
5,1,ayrton-senna,mclaren,honda,goodyear,44.0,1:37:19.090,,+1:08.369,+22.310,,2.0,2.0,1992,belgium,
DNF,1,ayrton-senna,mclaren,honda,goodyear,37.0,,,,,Electrical,,1.0,1992,canada,
DNF,1,ayrton-senna,mclaren,honda,goodyear,11.0,,,,,Transmission,,6.0,1992,mexico,
DNF,1,ayrton-senna,mclaren,honda,goodyear,2.0,,,,,Engine,,3.0,1992,japan,
DNF,1,ayrton-senna,mclaren,honda,goodyear,52.0,,,,,Transmission,,3.0,1992,great-britain,
1,1,ayrton-senna,mclaren,honda,goodyear,78.0,1:50:59.372,,,,,10.0,3.0,1992,monaco,
1,1,ayrton-senna,mclaren,honda,goodyear,77.0,1:46:19.216,,,,,10.0,3.0,1992,hungary,
3,1,ayrton-senna,mclaren,honda,goodyear,70.0,,,+1 lap,,,4.0,3.0,1992,portugal,
3,1,ayrton-senna,mclaren,honda,goodyear,72.0,1:37:19.995,,+34.675,+10.315,,4.0,2.0,1992,south-africa,
9,1,ayrton-senna,mclaren,honda,goodyear,62.0,,,,,Spun off,,3.0,1992,spain,
1,1,ayrton-senna,mclaren,honda,goodyear,53.0,1:18:15.349,,,,,10.0,2.0,1992,italy,
DNF,1,ayrton-senna,mclaren,honda,goodyear,18.0,,,,,Collision,,2.0,1992,australia,
4,8,ayrton-senna,mclaren,ford,goodyear,45.0,1:19:49.114,,+1:08.229,+8.880,,3.0,4.0,1993,germany,
4,8,ayrton-senna,mclaren,ford,goodyear,72.0,1:39:07.646,,+32.405,+11.196,,3.0,5.0,1993,france,
4,8,ayrton-senna,mclaren,ford,goodyear,44.0,1:26:11.887,,+1:39.763,+1:24.775,,3.0,5.0,1993,belgium,
18,8,ayrton-senna,mclaren,ford,goodyear,62.0,,,,,Electrical,,8.0,1993,canada,
1,8,ayrton-senna,mclaren,ford,goodyear,53.0,1:40:27.912,,,,,10.0,2.0,1993,japan,
5,8,ayrton-senna,mclaren,ford,goodyear,58.0,,,,,Out of fuel,2.0,4.0,1993,great-britain,
1,8,ayrton-senna,mclaren,ford,goodyear,78.0,1:52:10.947,,,,,10.0,3.0,1993,monaco,
DNF,8,ayrton-senna,mclaren,ford,goodyear,17.0,,,,,Throttle,,4.0,1993,hungary,
DNF,8,ayrton-senna,mclaren,ford,goodyear,19.0,,,,,Engine,,4.0,1993,portugal,
2,8,ayrton-senna,mclaren,ford,goodyear,65.0,1:32:44.558,,+16.873,+16.873,,6.0,3.0,1993,spain,
1,8,ayrton-senna,mclaren,ford,goodyear,76.0,1:50:46.570,,,,,10.0,4.0,1993,europe,
DNF,8,ayrton-senna,mclaren,ford,goodyear,42.0,,,,,Hydraulics,,4.0,1993,san-marino,
1,8,ayrton-senna,mclaren,ford,goodyear,71.0,1:51:15.485,,,,,10.0,3.0,1993,brazil,
2,8,ayrton-senna,mclaren,ford,goodyear,72.0,1:40:04.906,,+1:19.824,+1:19.824,,6.0,2.0,1993,south-africa,
DNF,8,ayrton-senna,mclaren,ford,goodyear,8.0,,,,,Collision,,4.0,1993,italy,
1,8,ayrton-senna,mclaren,ford,goodyear,79.0,1:43:27.476,,,,,10.0,1.0,1993,australia,
DNF,2,ayrton-senna,williams,renault,goodyear,55.0,,,,,Spun off,,1.0,1994,brazil,
DNF,2,ayrton-senna,williams,renault,goodyear,0.0,,,,,Collision,,1.0,1994,pacific,
DNF,2,ayrton-senna,williams,renault,goodyear,5.0,,,,,Fatal accident,,1.0,1994,san-marino,
